{
    "dpTOverpT_vs_qd0": {
        "0.0eta0.2_10.0pT14.0": {
            "intercept": -0.0001016,
            "slope": 1.01
        },
        "0.0eta0.2_100.0pT150.0": {
            "intercept": 0.0003858,
            "slope": 5.948
        },
        "0.0eta0.2_14.0pT20.0": {
            "intercept": -0.0003686,
            "slope": 1.208
        },
        "0.0eta0.2_150.0pT200.0": {
            "intercept": -0.0002453,
            "slope": 8.35
        },
        "0.0eta0.2_20.0pT27.0": {
            "intercept": -0.0005356,
            "slope": 1.487
        },
        "0.0eta0.2_200.0pT1000.0": {
            "intercept": 0.001602,
            "slope": 8.763
        },
        "0.0eta0.2_27.0pT38.0": {
            "intercept": -0.0004739,
            "slope": 1.838
        },
        "0.0eta0.2_38.0pT50.0": {
            "intercept": -0.0002253,
            "slope": 2.315
        },
        "0.0eta0.2_5.0pT7.0": {
            "intercept": 0.0001475,
            "slope": 0.651
        },
        "0.0eta0.2_50.0pT75.0": {
            "intercept": 0.0001442,
            "slope": 3.052
        },
        "0.0eta0.2_7.0pT10.0": {
            "intercept": 7.318e-05,
            "slope": 0.8027
        },
        "0.0eta0.2_75.0pT100.0": {
            "intercept": 0.000306,
            "slope": 4.322
        },
        "0.2eta0.4_10.0pT14.0": {
            "intercept": -8.752e-05,
            "slope": 1.318
        },
        "0.2eta0.4_100.0pT150.0": {
            "intercept": 9.206e-05,
            "slope": 5.872
        },
        "0.2eta0.4_14.0pT20.0": {
            "intercept": -0.0004391,
            "slope": 1.567
        },
        "0.2eta0.4_150.0pT200.0": {
            "intercept": 0.0003257,
            "slope": 8.143
        },
        "0.2eta0.4_20.0pT27.0": {
            "intercept": -0.0006143,
            "slope": 1.807
        },
        "0.2eta0.4_200.0pT1000.0": {
            "intercept": 0.001539,
            "slope": 9.55
        },
        "0.2eta0.4_27.0pT38.0": {
            "intercept": -0.0005902,
            "slope": 2.102
        },
        "0.2eta0.4_38.0pT50.0": {
            "intercept": -0.0002825,
            "slope": 2.505
        },
        "0.2eta0.4_5.0pT7.0": {
            "intercept": 8.086e-05,
            "slope": 0.8824
        },
        "0.2eta0.4_50.0pT75.0": {
            "intercept": 0.0001441,
            "slope": 3.154
        },
        "0.2eta0.4_7.0pT10.0": {
            "intercept": 6.691e-05,
            "slope": 1.106
        },
        "0.2eta0.4_75.0pT100.0": {
            "intercept": 0.0001846,
            "slope": 4.396
        },
        "0.4eta0.6_10.0pT14.0": {
            "intercept": -0.0001959,
            "slope": 1.571
        },
        "0.4eta0.6_100.0pT150.0": {
            "intercept": 0.000255,
            "slope": 6.2
        },
        "0.4eta0.6_14.0pT20.0": {
            "intercept": -0.0005724,
            "slope": 1.856
        },
        "0.4eta0.6_150.0pT200.0": {
            "intercept": 0.000254,
            "slope": 8.785
        },
        "0.4eta0.6_20.0pT27.0": {
            "intercept": -0.0006205,
            "slope": 2.119
        },
        "0.4eta0.6_200.0pT1000.0": {
            "intercept": 0.001319,
            "slope": 8.427
        },
        "0.4eta0.6_27.0pT38.0": {
            "intercept": -0.0006779,
            "slope": 2.437
        },
        "0.4eta0.6_38.0pT50.0": {
            "intercept": -0.0002432,
            "slope": 2.847
        },
        "0.4eta0.6_5.0pT7.0": {
            "intercept": 7.435e-05,
            "slope": 1.043
        },
        "0.4eta0.6_50.0pT75.0": {
            "intercept": 0.0002512,
            "slope": 3.47
        },
        "0.4eta0.6_7.0pT10.0": {
            "intercept": 0.0001103,
            "slope": 1.308
        },
        "0.4eta0.6_75.0pT100.0": {
            "intercept": 0.0002609,
            "slope": 4.646
        },
        "0.6eta0.8_10.0pT14.0": {
            "intercept": -0.000182,
            "slope": 1.628
        },
        "0.6eta0.8_100.0pT150.0": {
            "intercept": 0.0002088,
            "slope": 6.148
        },
        "0.6eta0.8_14.0pT20.0": {
            "intercept": -0.0005863,
            "slope": 1.878
        },
        "0.6eta0.8_150.0pT200.0": {
            "intercept": 0.0005267,
            "slope": 8.316
        },
        "0.6eta0.8_20.0pT27.0": {
            "intercept": -0.0006396,
            "slope": 2.144
        },
        "0.6eta0.8_200.0pT1000.0": {
            "intercept": 0.002756,
            "slope": 8.539
        },
        "0.6eta0.8_27.0pT38.0": {
            "intercept": -0.0007392,
            "slope": 2.486
        },
        "0.6eta0.8_38.0pT50.0": {
            "intercept": -0.0002384,
            "slope": 2.863
        },
        "0.6eta0.8_5.0pT7.0": {
            "intercept": 0.0002037,
            "slope": 1.057
        },
        "0.6eta0.8_50.0pT75.0": {
            "intercept": 0.0002685,
            "slope": 3.472
        },
        "0.6eta0.8_7.0pT10.0": {
            "intercept": 8.565e-05,
            "slope": 1.331
        },
        "0.6eta0.8_75.0pT100.0": {
            "intercept": 0.0002408,
            "slope": 4.673
        },
        "0.8eta1.0_10.0pT14.0": {
            "intercept": 0.0001044,
            "slope": 2.097
        },
        "0.8eta1.0_100.0pT150.0": {
            "intercept": 0.0003844,
            "slope": 7.549
        },
        "0.8eta1.0_14.0pT20.0": {
            "intercept": -0.0004007,
            "slope": 2.519
        },
        "0.8eta1.0_150.0pT200.0": {
            "intercept": 0.0004652,
            "slope": 10.02
        },
        "0.8eta1.0_20.0pT27.0": {
            "intercept": -0.0005656,
            "slope": 2.89
        },
        "0.8eta1.0_200.0pT1000.0": {
            "intercept": 0.00336,
            "slope": 7.984
        },
        "0.8eta1.0_27.0pT38.0": {
            "intercept": -0.0008389,
            "slope": 3.354
        },
        "0.8eta1.0_38.0pT50.0": {
            "intercept": -9.495e-05,
            "slope": 3.78
        },
        "0.8eta1.0_5.0pT7.0": {
            "intercept": 0.0008417,
            "slope": 1.401
        },
        "0.8eta1.0_50.0pT75.0": {
            "intercept": 0.0005944,
            "slope": 4.533
        },
        "0.8eta1.0_7.0pT10.0": {
            "intercept": 0.0006161,
            "slope": 1.727
        },
        "0.8eta1.0_75.0pT100.0": {
            "intercept": 0.0004726,
            "slope": 5.873
        },
        "1.0eta1.25_10.0pT14.0": {
            "intercept": -0.0001006,
            "slope": 2.703
        },
        "1.0eta1.25_100.0pT150.0": {
            "intercept": 0.00087,
            "slope": 8.579
        },
        "1.0eta1.25_14.0pT20.0": {
            "intercept": -0.0008137,
            "slope": 3.204
        },
        "1.0eta1.25_150.0pT200.0": {
            "intercept": 0.0007655,
            "slope": 11.8
        },
        "1.0eta1.25_20.0pT27.0": {
            "intercept": -0.001021,
            "slope": 3.644
        },
        "1.0eta1.25_200.0pT1000.0": {
            "intercept": 0.004403,
            "slope": 8.147
        },
        "1.0eta1.25_27.0pT38.0": {
            "intercept": -0.001349,
            "slope": 4.16
        },
        "1.0eta1.25_38.0pT50.0": {
            "intercept": -0.00017,
            "slope": 4.609
        },
        "1.0eta1.25_5.0pT7.0": {
            "intercept": 0.000875,
            "slope": 1.87
        },
        "1.0eta1.25_50.0pT75.0": {
            "intercept": 0.000951,
            "slope": 5.378
        },
        "1.0eta1.25_7.0pT10.0": {
            "intercept": 0.0006927,
            "slope": 2.261
        },
        "1.0eta1.25_75.0pT100.0": {
            "intercept": 0.0008131,
            "slope": 6.728
        },
        "1.25eta1.5_10.0pT14.0": {
            "intercept": -0.0008634,
            "slope": 2.568
        },